rank,driver_id,driver_score_100,Total_trip,Total_distance_miles,Mpg,Total_time_hours,Total_fuel_gallons_used,fuel_cost,fuel_used_per_miles
1,DRV00092,67.583496198325,239,332704,6.57936473407979,5837.2,50567.8,197134.42875350892,0.5925219677356116
2,DRV00109,64.06839436496038,221,312534,6.569815350464147,5485.3,47571.2,185452.4289591187,0.5933832125756516
3,DRV00141,64.06109294009497,245,349701,6.5486097586553,6098.5,53400.8,208178.6473404099,0.5953046955553741
4,DRV00059,64.0225201364855,256,370058,6.540577035921582,6442.0,56578.8,220567.82018515797,0.5960358111030107
5,DRV00128,62.21211883988374,240,342747,6.538352950153564,5983.7,52421.0,204358.97724812414,0.5962385586106491
6,DRV00061,62.11926698170933,232,313815,6.534368343352358,5442.5,48025.3,187222.70063589662,0.5966021402287864
7,DRV00039,61.75141920723088,227,313727,6.540134877369995,5459.2,47969.5,187005.16890375785,0.5960761072644619
8,DRV00126,61.72386875513989,248,367090,6.532361964281901,6353.5,56195.6,219073.946354413,0.5967853832967747
9,DRV00105,61.63607297575706,214,296213,6.552457174205422,5186.5,45206.4,176233.44974475112,0.5949551496549818
10,DRV00081,60.76397392404033,235,340112,6.53531172779014,5998.7,52042.2,202882.2564571894,0.5965160195970427
11,DRV00107,60.744700031466294,211,276559,6.539552898780332,4838.5,42290.2,164864.88276871137,0.5961291542445242
12,DRV00020,60.66689498686695,234,340335,6.534662020103108,5950.7,52081.5,203035.46429003982,0.5965753281033095
13,DRV00054,60.16377813036373,252,363014,6.511777251992473,6305.1,55747.3,217326.2855028395,0.5986719121103856
14,DRV00010,59.80698742418403,233,320310,6.519336566779898,5620.5,49132.3,191538.2495154234,0.5979777388012344
15,DRV00019,59.67951109671239,235,328452,6.518974277548428,5751.4,50384.0,196417.89949961822,0.5980109711605295
16,DRV00117,59.57306279807446,232,315119,6.516795609131649,5545.0,48354.9,188507.6192544079,0.5982108957390951
17,DRV00036,59.540615314184265,252,366591,6.511073181215111,6446.3,56302.7,219491.4669370664,0.5987366491186811
18,DRV00084,59.18907666947991,217,305338,6.5316294312435295,5324.2,46747.6,182241.6917800959,0.5968523137640774
19,DRV00124,59.13576816533476,219,293167,6.52174976975543,5122.0,44952.2,175242.4718538968,0.597756472774551
20,DRV00108,58.89825281069152,240,343796,6.512373274333601,6013.6,52791.2,205802.17164306613,0.5986171207433074
21,DRV00003,58.860998291554466,249,368078,6.5085840287024315,6385.9,56552.7,220466.07147173822,0.5989656308492717
22,DRV00017,58.82654502958255,237,330046,6.508948556891128,5758.3,50706.5,197675.13934934486,0.5989320862829571
23,DRV00047,58.77281492035537,219,327549,6.536860381575797,5717.7,50108.0,195341.93609334054,0.596374698421734
24,DRV00066,58.684738169961804,274,368184,6.469697235938076,6491.2,56909.0,221855.07785455248,0.6025657764991214
25,DRV00099,58.48722231589615,244,346769,6.503837382027698,6058.1,53317.6,207854.2989512711,0.5994027694265378
26,DRV00133,58.4710720420203,238,322787,6.500528642345762,5630.6,49655.5,193577.90188558455,0.5997078627255266
27,DRV00014,58.34218236098597,216,287173,6.5185701379651615,5066.6,44054.6,171743.25173261116,0.5980480467613988
28,DRV00112,58.16320242500019,202,305022,6.549162411807396,5360.6,46574.2,181565.70607484752,0.5952544605793927
29,DRV00105,58.03786456128039,235,345920,6.514415064208193,6041.2,53100.7,207008.73205698983,0.5984294983146098
30,DRV00118,57.98955959940214,216,279236,6.509528749431772,4867.2,42896.5,167228.49368619744,0.5988787036277465
31,DRV00039,57.86046043617379,215,296048,6.521441269183917,5235.3,45396.1,176972.9796656601,0.5977847499920962
32,DRV00023,57.8256831792532,219,314704,6.523038656855633,5515.4,48245.0,188079.18310096618,0.5976383620829928
33,DRV00085,57.63205441226751,244,367423,6.507173559222376,6397.1,56464.3,220121.45130827828,0.5990954602958396
34,DRV00057,57.516284127861184,206,302654,6.533769415929967,5247.8,46321.5,180580.57581120127,0.5966568286267528
35,DRV00036,57.49707322317777,221,322425,6.5209872947686485,5644.6,49444.2,192754.1661328799,0.5978263662336355
36,DRV00109,57.35583037978468,220,337677,6.529348296878384,5904.6,51716.8,201613.71119486057,0.5970608338585707
37,DRV00138,57.310615963849244,230,329765,6.508078728875609,5756.8,50670.1,197533.23692909663,0.5990121356999579
38,DRV00035,57.217295649233634,214,323314,6.529379927620524,5618.1,49516.8,193037.19128974865,0.5970579414740737
39,DRV00023,57.06137224631329,232,330613,6.503687441845826,5786.5,50834.7,198174.91655472454,0.5994165884424525
40,DRV00061,57.05570006577474,217,318741,6.519380748722165,5495.9,48891.3,190598.73074399977,0.5979736862970241
41,DRV00087,57.0305883444888,249,355975,6.488777818487389,6219.2,54860.1,213867.60893019618,0.6007939010610188
42,DRV00011,57.01729321469602,239,339168,6.496338760867358,5933.8,52209.1,203532.9024445363,0.6000946505700311
43,DRV00104,56.85446846895612,220,300588,6.504966564954879,5237.3,46209.0,180142.00377059897,0.599298720409993
44,DRV00038,56.84479109367071,243,341021,6.488988427097564,5953.6,52553.8,204876.6871769418,0.6007744015088273
45,DRV00064,56.5536509938705,203,293063,6.52733541509829,5130.4,44897.8,175030.39790715225,0.5972449538397964
46,DRV00087,56.347268199013634,227,316464,6.498487620666926,5537.1,48698.1,189845.55635960537,0.5998962168196236
47,DRV00102,56.29746142434017,230,322925,6.496857446363329,5658.2,49704.8,193770.09389982183,0.6000467411932239
48,DRV00141,56.17416457508251,216,308724,6.510554840886565,5386.0,47419.0,184859.0897184105,0.5987843177673602
49,DRV00103,56.02579562085177,199,280089,6.522981545828015,4912.1,42938.8,167393.39677346393,0.5976435946197955
50,DRV00109,55.989847966617944,216,302967,6.5074005580220495,5330.7,46557.3,181499.82280830372,0.5990745619433923
51,DRV00062,55.75361230966832,244,339262,6.477370576499003,5916.2,52376.5,204185.49764095256,0.6018519540678077
52,DRV00082,55.7342707645242,239,326109,6.477897095455466,5671.4,50341.8,196253.3862541656,0.6018030359608769
53,DRV00066,55.68925617571264,228,322237,6.496530339869439,5700.6,49601.4,193366.99746428157,0.6000769541184953
54,DRV00055,55.53694214643112,220,326802,6.51015562124991,5757.8,50198.8,195695.91246033335,0.5988210367755807
55,DRV00061,55.52172400560048,229,306834,6.483659523034727,5379.5,47324.2,184489.51967886297,0.6012681765347483
56,DRV00149,55.415408545173136,246,369964,6.487819249303807,6455.8,57024.4,222304.955307757,0.6008826677940475
57,DRV00103,55.36592827726301,226,331407,6.498393083691025,5742.9,50998.3,198812.6977622138,0.5999049439577734
58,DRV00091,55.29460433572721,222,316139,6.4978983608242125,5529.2,48652.5,189667.78849248125,0.5999506182169275
59,DRV00125,55.21099265003417,245,335102,6.467901949430612,5804.5,51810.0,201977.04376538622,0.6027330298398286
60,DRV00023,55.13291487133595,246,340532,6.47238045277697,6022.8,52613.1,205107.86337256595,0.6023159743359389
61,DRV00038,54.940486779534346,236,345313,6.487760519903128,6043.2,53225.3,207494.47495707028,0.6008881071870167
62,DRV00120,54.89578841456485,205,300606,6.5147315381698,5269.7,46142.5,179882.75896437626,0.5984004276839991
63,DRV00143,54.824826725074836,230,338798,6.4933561534879,5935.3,52176.1,203404.25464595962,0.6003702933487199
64,DRV00006,54.812665290985166,195,295721,6.5277547839945615,5177.7,45302.1,176606.5283606235,0.5972065844516402
65,DRV00146,54.80418561155259,224,310553,6.4884950723014665,5459.2,47862.1,186586.47879566284,0.6008200815824122
66,DRV00049,54.73965831288328,226,322301,6.49219247286703,5703.7,49644.4,193534.62944424513,0.6004779055735016
67,DRV00015,54.61807408090094,229,326182,6.487272351199177,5736.8,50280.3,196013.63353863635,0.6009333241522719
68,DRV00094,54.48047938377061,234,346158,6.487814660641626,6059.8,53355.1,208000.48963147186,0.6008830927826943
69,DRV00139,54.461749401573755,240,316178,6.461354853608046,5522.2,48933.7,190764.02367308008,0.6033437610241069
70,DRV00100,54.37267624562316,208,279846,6.493669828658413,4884.1,43095.2,168003.1093703546,0.6003412926050563
71,DRV00078,54.32580748413214,248,349653,6.4667804716557145,6160.0,54069.1,210783.96018249457,0.6028375566132553
72,DRV00005,54.28178859952587,248,360993,6.470834968998543,6305.0,55787.7,217483.78159564247,0.6024598305109586
73,DRV00013,54.257120875084134,251,350385,6.459590801325895,6104.0,54242.6,211460.3357295568,0.6035085284174745
74,DRV00053,54.2513611512357,224,317531,6.486432932745832,5539.5,48953.1,190839.65298497063,0.601011091783072
75,DRV00144,54.25090590750806,228,321471,6.482002000225831,5609.3,49594.4,193339.70853731077,0.6014219277549476
76,DRV00082,54.23194389272445,226,332620,6.491742360072915,5825.2,51237.4,199744.8095391739,0.6005195404340505
77,DRV00043,54.157781342860275,268,380944,6.447160209250412,6626.7,59087.1,230346.22240242717,0.6046721365933764
78,DRV00065,54.10183407834563,203,279786,6.501102547360741,4928.0,43036.7,167775.0519092414,0.5996549216516959
79,DRV00057,53.9690522746962,212,302490,6.496987660684945,5313.9,46558.5,181504.50091007014,0.600034714899898
80,DRV00002,53.92320687742246,226,318483,6.482283188110227,5597.5,49131.3,191534.3510972847,0.6013958393298376
81,DRV00123,53.85731885444175,224,308215,6.476628954712033,5325.4,47588.8,185521.04111835963,0.6019208705558121
82,DRV00101,53.845299618418906,208,286899,6.492381777819014,4983.0,44190.1,172271.48739040326,0.6004603968309519
83,DRV00047,53.811508077504385,248,345439,6.4589647751303705,6041.1,53482.1,208495.58873508516,0.603567022643897
84,DRV00098,53.74687000562829,201,284545,6.5024291701516,4959.4,43759.8,170593.99806532616,0.5995325803135748
85,DRV00050,53.705964229813254,222,328168,6.492102680973633,5761.7,50548.8,197060.35880887386,0.6004862107483785
86,DRV00125,53.530132369960256,234,356815,6.4867552498150225,6276.7,55006.7,214439.11702932772,0.6009812284498346
87,DRV00016,53.4140031345722,240,338200,6.464573867600481,5903.0,52315.9,203949.2535017481,0.6030433279176467
88,DRV00078,53.39988882923554,239,332395,6.463584426494094,5821.0,51425.8,200479.2715165026,0.6031356413799925
89,DRV00079,53.326309353950876,230,322767,6.473517637526173,5683.5,49859.6,194373.5690276906,0.6022101671722654
90,DRV00098,53.310057726358565,238,351094,6.47447600290628,6146.9,54227.4,211401.07977384876,0.6021210267730259
91,DRV00085,53.20409711281619,222,325818,6.487916971994776,5757.3,50219.2,195775.44019036254,0.6008736171431982
92,DRV00038,53.08171507174938,226,330137,6.480771873343672,5771.7,50941.0,198589.318402867,0.6015360847250293
93,DRV00090,53.045386998881675,238,327721,6.458231105908598,5687.7,50744.7,197824.0589222427,0.6036355891817817
94,DRV00134,53.0142294506852,241,349699,6.4665070221992105,6124.5,54078.5,210820.60531299823,0.6028630488305606
95,DRV00069,52.99640388196084,227,308688,6.466064931283607,5369.3,47739.7,186109.3124154875,0.6029042671418633
96,DRV00081,52.98596173092195,206,303891,6.497854297498925,5282.5,46767.9,182320.82966831126,0.5999546866090515
97,DRV00105,52.96449266851351,230,331638,6.4720587804806655,5733.2,51241.5,199760.79305354253,0.6023459104612334
98,DRV00098,52.94046676838333,243,342238,6.45934386996682,6016.5,52983.4,206551.44760932183,0.6035315996742671
99,DRV00107,52.937065846689976,219,327972,6.4909732145331045,5767.8,50527.4,196976.93266070596,0.6005906987813165
100,DRV00047,52.75340048532732,232,344183,6.475399041247432,6004.1,53152.4,207210.28027475998,0.6020351971909129
101,DRV00119,52.69501878463995,219,305978,6.475628932481424,5332.4,47250.7,184202.98594566944,0.6020138243457681
102,DRV00074,52.65236405863878,234,324431,6.461456038812831,5682.6,50210.2,195740.35442711436,0.6033343127725599
103,DRV00148,52.643815855743256,242,323782,6.447169300369568,5646.5,50220.8,195781.67765938447,0.6046712839484112
104,DRV00037,52.55560183021093,233,346257,6.473279217501524,6040.5,53490.2,208527.1659220085,0.6022323474240477
105,DRV00019,52.53872545052808,265,374157,6.435902772641345,6524.6,58135.9,226638.04706890788,0.6057298061212483
106,DRV00001,52.533502333023755,213,314996,6.48899637641601,5489.4,48543.1,189241.30154810884,0.6007736655326062
107,DRV00089,52.51379376265366,226,323536,6.471897885415145,5632.9,49990.9,194885.43132930025,0.6023608851234492
108,DRV00011,52.46095065609618,236,335363,6.462760832196348,5881.8,51891.6,202295.1546855031,0.6032125031249813
109,DRV00099,52.41787018604575,248,337812,6.4440514819075085,5922.2,52422.3,204364.04519170444,0.6049638414020355
110,DRV00121,52.39221035602192,237,344641,6.464640969993454,6014.8,53311.7,207831.29828425284,0.6030370683820347
111,DRV00129,52.331452039932415,219,302123,6.471785292750481,5303.1,46683.1,181990.24381015057,0.6023713646764747
112,DRV00081,52.2850637218384,225,302710,6.461024893440366,5286.7,46851.7,182647.51710833324,0.603374573381564
113,DRV00065,52.266992810264,232,330543,6.464035888821313,5761.9,51135.7,199348.3404144694,0.6030935170748417
114,DRV00119,52.220265097071916,196,277388,6.494776325586405,4847.6,42709.4,166499.09965244908,0.6002390141334487
115,DRV00064,52.17554115841471,187,275274,6.508921351183917,4834.5,42291.8,164871.1202377333,0.5989345896733193
116,DRV00078,52.00267291055748,230,325635,6.463448522260376,5705.6,50381.0,196406.20424520216,0.6031483232613268
117,DRV00004,51.98761976283337,237,355150,6.465795821765054,6159.7,54927.5,214130.3623127437,0.6029293603061909
118,DRV00097,51.95163594623542,230,300037,6.447888147234412,5215.6,46532.6,181403.53188027814,0.604603871790073
119,DRV00016,51.84630199557674,223,328563,6.475436490809008,5763.8,50739.9,197805.346515177,0.6020317154249778
120,DRV00127,51.651074866965175,222,334860,6.4781228417381005,5850.1,51690.9,201512.74216506857,0.6017820646391584
121,DRV00150,51.6147859581308,245,339427,6.4422558628595725,5915.8,52687.6,205398.29552389815,0.60513246006917
122,DRV00034,51.61117610348144,203,270047,6.472206710270563,4654.3,41724.1,162657.9882604005,0.6023321431469356
123,DRV00089,51.58697805741773,217,306013,6.472000270712694,5399.6,47282.6,184327.3454842936,0.6023513559368183
124,DRV00075,51.549557098012635,230,321513,6.45775712985894,5640.0,49787.1,194090.93371263577,0.603679893853859
125,DRV00012,51.42946034482934,214,297079,6.470152650641507,5221.5,45915.3,178997.03836326653,0.6025233636954027
126,DRV00114,51.418578898482934,238,371455,6.469650788121571,6488.8,57415.0,223827.67743272823,0.6025701025231273
127,DRV00120,51.36955357580521,203,291870,6.485178544051087,5136.7,45005.7,175451.0372243166,0.601127341708009
128,DRV00145,51.35660501828118,212,302533,6.4750337093080494,5292.7,46723.0,182145.7906938842,0.6020691649964935
129,DRV00117,51.32255603378714,209,296818,6.475270895553321,5149.8,45838.7,178698.41953384306,0.6020471114751904
130,DRV00020,51.318522712619874,224,298294,6.453534912097754,5245.3,46221.8,180191.90352277417,0.6040748507270484
131,DRV00063,51.31424002877908,233,331897,6.455231137873625,5779.7,51415.2,200437.9482842325,0.6039161194112406
132,DRV00083,51.26787668061612,223,317912,6.464358915964473,5556.3,49179.2,191721.0853261278,0.6030633801999541
133,DRV00063,51.244069797804045,227,313402,6.45689115242616,5532.5,48537.6,189219.86024834606,0.6037608574557471
134,DRV00034,51.20772686885869,230,344917,6.466470313633662,6014.0,53339.3,207938.89462488063,0.6028664711361882
135,DRV00011,51.19198233045603,221,323574,6.469306313078805,5630.9,50016.8,194986.40035909225,0.6026021879356569
136,DRV00083,51.17394076018796,237,330344,6.4485550757794625,5811.6,51227.6,199706.60504141476,0.6045413418782081
137,DRV00057,51.15260757409471,217,306230,6.468326890987052,5395.2,47343.0,184562.8099398703,0.6026934328441703
138,DRV00030,50.964470702166096,220,316564,6.46384043973815,5460.6,48974.6,190923.46897495238,0.6031117529945047
139,DRV00003,50.91663650041875,200,298200,6.488815388632605,5215.0,45956.0,179155.7039815111,0.6007904224732096
140,DRV00026,50.888209421655894,229,336873,6.463771007980107,5955.9,52117.1,203174.24797577708,0.6031182314277994
141,DRV00148,50.81498123270184,216,310451,6.4680390935398995,5422.3,47997.7,187115.10429526883,0.6027202498792686
142,DRV00063,50.79419005190883,237,334706,6.446236424531082,5836.4,51922.7,202416.39548961626,0.6047587897725654
143,DRV00014,50.764909974756314,249,365965,6.444690986255294,6428.9,56785.5,221373.62321442462,0.6049038110595948
144,DRV00079,50.74967500987584,228,332561,6.461321753659934,5859.7,51469.5,200649.63238916322,0.6033468518231639
145,DRV00028,50.69040384494264,225,304751,6.447791572515466,5278.5,47264.4,184256.3942741695,0.6046129275184314
146,DRV00074,50.63950080340424,176,246769,6.500198876283147,4367.2,37963.3,147996.81732442553,0.5997382869178282
147,DRV00059,50.61089681509158,224,320260,6.459303122957896,5618.2,49581.2,193288.24941788008,0.6035354069127586
148,DRV00030,50.575371758553686,228,339583,6.461035872340588,5897.3,52558.6,204895.39958400748,0.6033735480987196
149,DRV00069,50.56743476520478,228,343544,6.465238035195749,6035.5,53137.1,207150.63447723805,0.6029813778649549
150,DRV00004,50.55174139654008,208,303251,6.473677356827066,5248.7,46843.7,182616.32976322374,0.6021953093748207
151,DRV00044,50.54120366857981,238,343235,6.446841520037264,5975.4,53240.8,207554.90043821995,0.6047020275852403
152,DRV00132,50.47566608623577,228,324895,6.454217853567058,5701.3,50338.4,196240.13163249407,0.6040109316317397
153,DRV00091,50.45115633013734,210,277968,6.458499364531321,4889.8,43039.1,167784.40811277425,0.6036105167241346
154,DRV00045,50.4109725824058,242,342414,6.438035501757038,5935.6,53186.1,207341.65696603374,0.6055291459053478
155,DRV00089,50.393361202714935,223,311889,6.454469448318964,5465.7,48321.4,188377.0222467619,0.6039873873293444
156,DRV00147,50.38844490021218,246,375794,6.449218032699671,6517.0,58269.7,227159.65541586422,0.6044791971555273
157,DRV00111,50.36368708669162,215,297875,6.459661137507563,5216.4,46113.1,179768.14547109883,0.6035019570997863
158,DRV00083,50.34657475077656,230,321324,6.447822291785811,5634.1,49834.5,194275.71873240956,0.6046100469694438
159,DRV00037,50.3449223632053,209,304124,6.471714815886688,5292.6,46992.8,183197.58390770204,0.6023779244903461
160,DRV00108,50.34107640046047,242,358161,6.44964425852528,6330.3,55531.9,216486.56623576628,0.6044392500461141
161,DRV00043,50.26528988457518,187,248104,6.478943121489323,4370.9,38293.9,149285.63436107553,0.601705874798776
162,DRV00149,50.19694934698148,234,346386,6.451099841509588,5992.4,53694.1,209322.05338048685,0.604302868419875
163,DRV00043,50.19593988247636,222,313245,6.454933234421365,5479.6,48528.0,189182.43543421468,0.6039439909151453
164,DRV00095,50.13474600186518,223,310359,6.451753054801412,5445.7,48104.6,187531.8451942945,0.6042416852557667
165,DRV00124,50.07704718668147,228,327349,6.451726706899339,5725.4,50738.2,197798.7192043412,0.6042441528898552
166,DRV00039,50.05613662795233,240,355883,6.447821604767158,6240.1,55194.3,215170.4602721455,0.6046101113909501
167,DRV00009,50.04555765860022,240,349128,6.443937075598983,6116.6,54179.3,211213.56586137792,0.6049745819910689
168,DRV00025,50.01625500228961,219,306793,6.4550356949736685,5370.8,47527.7,185282.84777008582,0.6039344045336296
169,DRV00088,49.9645281582408,259,356603,6.416642824882546,6254.8,55574.7,216653.41853210208,0.6075479413580427
170,DRV00117,49.864753411940214,244,338617,6.4297744754945985,5916.3,52663.9,205305.90301401127,0.6063071346506858
171,DRV00037,49.82254224491543,248,357908,6.432763042724166,6235.0,55638.3,216901.3579257226,0.606025453260957
172,DRV00147,49.80718791852783,222,339427,6.466557184661343,5959.4,52489.6,204626.40873243805,0.6028583722934182
173,DRV00112,49.794099810003765,238,335083,6.436773881239243,5844.6,52057.6,202942.29209652517,0.605647830825572
174,DRV00088,49.788556021281316,200,284359,6.471588271172246,4955.0,43939.6,171294.9336466621,0.6023897033210206
175,DRV00022,49.78365552126154,231,331504,6.446847694817886,5803.2,51421.1,200460.94895125076,0.6047014484025857
176,DRV00142,49.774561553361984,243,345465,6.435349388253878,6067.4,53682.4,209276.44188826423,0.6057818936455625
177,DRV00101,49.74509736083026,216,317489,6.462775160913409,5533.7,49125.8,191512.90979752192,0.6032111657333701
178,DRV00032,49.67792258746252,224,330992,6.454388212559256,5705.1,51281.7,199917.50946271775,0.6039949891922395
179,DRV00103,49.61434463349139,242,354553,6.440996034247533,6239.6,55046.3,214593.49438761975,0.6052508211399135
180,DRV00077,49.4976094150766,202,272915,6.461009983357125,4796.3,42240.3,164670.3517035909,0.6033759657900478
181,DRV00127,49.41508252870353,262,388083,6.423481742509885,6777.0,60416.3,235527.99979237028,0.6069011005181115
182,DRV00124,49.34266393423784,255,350323,6.413317882334419,6099.0,54624.3,212948.36193309375,0.6078629205992577
183,DRV00080,49.33584207447551,205,296851,6.467327957891159,5202.9,45900.1,178937.78240755846,0.6027865239044452
184,DRV00058,49.31209949479569,222,309922,6.447292599765759,5464.2,48070.1,187397.34976850977,0.6046597200860532
185,DRV00102,49.27964986127813,204,324792,6.482033269136739,5643.3,50106.5,195336.0884661325,0.6014190265343127
186,DRV00070,49.264144843829,241,336326,6.429625607928302,5910.0,52308.8,203921.57473296343,0.6063211727102973
187,DRV00144,49.251070479931634,244,342157,6.4266180321033195,5974.3,53240.6,207554.12075459218,0.6066049233380939
188,DRV00118,49.23753503991593,216,333192,6.467085393973743,5807.7,51521.2,200851.18060693334,0.6028091328931467
189,DRV00146,49.21150362177167,219,316846,6.453864015969365,5544.4,49094.0,191388.94010071165,0.6040440469524995
190,DRV00045,49.20103363997468,202,271606,6.458951133264053,4807.7,42051.1,163932.77099175125,0.6035682974299215
191,DRV00121,49.1891966187367,222,318771,6.450895477081858,5613.0,49415.0,192640.33232323025,0.6043220127402752
192,DRV00051,49.18172945765322,240,351549,6.4394401490298225,6196.5,54593.1,212826.73128716668,0.6053970606861823
193,DRV00018,49.15711690936623,217,294606,6.444377362452752,5146.4,45715.2,178216.9648937152,0.6049332494712096
194,DRV00022,49.12824064746873,224,321615,6.449274490458888,5682.4,49868.4,194407.87510731106,0.6044739054686848
195,DRV00051,49.08987769761627,243,352643,6.433072101457207,6172.5,54817.2,213700.3667920465,0.6059963384840944
196,DRV00129,49.05120102488995,249,370030,6.43123309765644,6439.4,57536.4,224300.94539476486,0.6061696224488956
197,DRV00139,49.02325490925782,231,345132,6.4485824149953475,6058.8,53520.6,208645.67783342462,0.6045387788829335
198,DRV00062,48.98928009550885,210,306368,6.460761116664346,5348.1,47419.8,184862.20845292148,0.603399207661771
199,DRV00020,48.98585315323965,236,345624,6.440170757021553,6060.2,53666.9,209216.01640711457,0.6053283811515247
200,DRV00029,48.923396128224965,238,362769,6.445342273723036,6350.5,56283.9,219418.17667605908,0.6048426868780383
201,DRV00120,48.80212305966434,238,317513,6.419163298849854,5535.5,49463.3,192828.62591932886,0.607309388652839
202,DRV00144,48.70898212448488,216,328792,6.459999292683598,5716.6,50896.6,198416.22863750928,0.6034703661813831
203,DRV00101,48.703585439102056,240,348419,6.431515661658702,6064.8,54173.7,211191.73471980126,0.6061429908236958
204,DRV00100,48.653055426679046,250,342744,6.411127405500853,5945.2,53460.8,208412.55242873114,0.608070607884401
205,DRV00149,48.61447158050108,241,343368,6.425503805323148,5946.3,53438.3,208324.83802061068,0.606710112825338
206,DRV00130,48.544701509997,235,333024,6.429680199556712,5783.4,51794.8,201917.78780967818,0.606316024699956
207,DRV00033,48.402676419109255,219,305842,6.4405416219175775,5326.3,47487.0,185124.18215184126,0.6052935246036883
208,DRV00075,48.402626139915064,204,296719,6.460975333588823,5190.2,45924.8,179034.07333558405,0.6033792016540365
209,DRV00112,48.37012781811004,191,254720,6.4587617494846326,4436.3,39437.9,153745.42471173374,0.6035859952564924
210,DRV00022,48.366816930274695,203,300000,6.46422161075474,5251.4,46409.3,180922.85692377802,0.6030761897459267
211,DRV00138,48.13796513771221,236,339076,6.427920114501284,5885.3,52750.5,205643.50602482157,0.606482045396376
212,DRV00102,48.131354341948544,200,299643,6.465877752890455,5207.8,46342.2,180661.2730666721,0.6029217204028531
213,DRV00024,48.116505436885625,218,304767,6.438784780174508,5291.8,47333.0,184523.8257584834,0.6054586807577048
214,DRV00129,48.09779108990458,219,333333,6.45270132932233,5799.6,51657.9,201384.0943664919,0.6041528872523629
215,DRV00134,48.00155028648119,225,327140,6.439776456252867,5723.6,50799.9,198039.25160349824,0.6053654447744031
216,DRV00032,47.965651379501416,209,289560,6.444734774547794,5046.7,44929.7,175154.75744577634,0.6048997010836316
217,DRV00110,47.92620117729564,224,327036,6.439744801512287,5689.6,50784.0,197977.2667550931,0.6053684204646984
218,DRV00128,47.90564664699183,217,320100,6.449208204053673,5630.2,49634.0,193494.08589560277,0.6044801183867627
219,DRV00003,47.8925522915061,228,343957,6.442457355527627,5997.7,53389.1,208133.03584818725,0.6051135340992835
220,DRV00079,47.81455826009074,220,314867,6.439195476343855,5489.6,48898.5,190626.7993545983,0.6054200642004348
221,DRV00097,47.65287863043537,230,323940,6.4284651181250805,5713.2,50391.5,196447.13763565835,0.6064306280041315
222,DRV00024,47.594109582832786,243,341977,6.414839158661646,5972.7,53310.3,207825.8404988587,0.6077187661709961
223,DRV00002,47.579028240847116,216,297805,6.435937776894118,5234.8,46272.2,180388.383796964,0.6057265116333305
224,DRV00108,47.57068028542105,253,371488,6.414332654756169,6486.9,57915.3,225778.05602751346,0.607766754316461
225,DRV00053,47.53950981883476,206,275866,6.440937564936808,4877.2,42830.1,166969.63872178862,0.6052563154639884
226,DRV00134,47.476813722859134,219,324149,6.444877881961842,5708.4,50295.6,196073.27933615824,0.6048862693889484
227,DRV00071,47.46124891483501,209,295727,6.444384396294545,5167.5,45889.1,178894.8998080329,0.6049325892056961
228,DRV00033,47.43857871102984,219,333037,6.447220937008163,5794.8,51655.9,201376.2975302145,0.6046664410567429
229,DRV00032,47.33795922391914,228,342545,6.436928269154158,5963.6,53215.6,207456.660301125,0.6056333045326161
230,DRV00044,47.317099437577276,220,300426,6.427792017732666,5252.5,46738.6,182206.6060168477,0.6064941317224465
231,DRV00145,47.31489169013518,248,343166,6.40579266471537,6015.9,53571.2,208842.93779124218,0.6085770087690568
232,DRV00143,47.28405345005855,205,299385,6.452193403088329,5253.6,46400.5,180888.55084415755,0.6042004470636724
233,DRV00110,47.2126061948371,184,246122,6.459810238710778,4401.1,38100.5,148531.68029305342,0.6034880274540814
234,DRV00005,47.17893237582738,200,285502,6.452328811084819,5020.2,44247.9,172496.8159588194,0.6041877673670216
235,DRV00064,47.135543592220195,220,306309,6.4307938427430535,5396.2,47631.6,185687.89341469543,0.6062110268215933
236,DRV00087,47.09623803966316,249,357174,6.410249967695157,6268.5,55719.2,217216.7399531424,0.6081538408538762
237,DRV00051,47.01399241203287,240,370485,6.430479450271549,6472.0,57613.9,224603.07280051312,0.6062406650755445
238,DRV00041,46.991386693966085,245,351596,6.413363880457623,6186.6,54822.4,213720.63856636768,0.607858560866357
239,DRV00001,46.985434968190354,213,315819,6.445456716198594,5538.4,48998.7,191017.42085209474,0.6048319475778682
240,DRV00080,46.980259123039836,203,287370,6.446236498839153,5035.4,44579.5,173789.53141360809,0.6047587828012948
241,DRV00049,46.90967281197011,185,268626,6.464970758826502,4701.1,41551.0,161983.17208059377,0.6030063064654716
242,DRV00142,46.85895464520913,237,355098,6.42541518440376,6190.2,55264.6,215444.5190672952,0.6067184807216464
243,DRV00111,46.84565198297138,219,310701,6.430496224915557,5409.7,48316.8,188359.08952332393,0.6062390836312852
244,DRV00138,46.84517773809346,217,323853,6.44179759993794,5668.6,50273.7,195987.90397892098,0.605175508576178
245,DRV00099,46.80903665420891,219,307375,6.429255701879152,5379.3,47808.8,186378.69310887082,0.6063560572879083
246,DRV00122,46.78467781887401,211,297696,6.4377420673279655,5236.4,46242.3,180271.82109461725,0.6055567461256357
247,DRV00119,46.775301890028196,233,326337,6.41801876216886,5763.1,50847.0,198222.8670978304,0.60741769121439
248,DRV00015,46.74477970037771,237,377815,6.437193849299314,6602.5,58692.5,228807.9066049012,0.6056083178404806
249,DRV00123,46.66542454745145,209,295106,6.437739965095986,5162.0,45840.0,178703.48747742336,0.6055569438690618
250,DRV00060,46.63677523368293,230,328800,6.421009668618877,5737.7,51206.9,199625.90778594394,0.6071347560399755
251,DRV00056,46.62040426175917,231,349636,6.432737348351321,6173.3,54352.6,211889.1617248124,0.606027873916909
252,DRV00058,46.6202349497507,230,310890,6.412192013068175,5458.9,48484.2,189011.68471974015,0.6079696507438005
253,DRV00010,46.60893720888397,240,327114,6.404518800599113,5739.4,51075.5,199113.65564252043,0.6086980552422716
254,DRV00077,46.572141873467366,230,324519,6.420156330061784,5727.1,50546.9,197052.95181441036,0.6072154536850242
255,DRV00015,46.54651428625513,225,301049,6.414469198513619,5288.8,46932.8,182963.6788193808,0.6077538168848952
256,DRV00113,46.430141397121446,237,331402,6.409836350941258,5799.3,51702.1,201556.40444822185,0.608193084073789
257,DRV00065,46.394735713571755,235,363544,6.430992393419423,6386.6,56530.0,220377.57737999002,0.6061923106418756
258,DRV00035,46.36585037459706,193,291643,6.458980667994003,5077.2,45153.1,176025.66405795907,0.6035655375166181
259,DRV00097,46.29643908370522,223,309704,6.419866712270555,5421.7,48241.5,188065.5386374808,0.6072428468391781
260,DRV00088,46.25776313740565,218,312719,6.42958622462092,5481.0,48637.5,189609.31222040093,0.6063248866247364
261,DRV00049,46.256955692289395,212,297939,6.4322030056196144,5249.0,46319.9,180574.33834217937,0.6060782185017046
262,DRV00100,46.224467683961706,238,353723,6.4185485261161865,6185.8,55109.5,214839.8744139848,0.6073675571393006
263,DRV00016,46.20392945626186,249,375868,6.411580378450206,6542.7,58623.3,228538.13606970405,0.6080276481895348
264,DRV00094,46.19422691466739,228,307466,6.4107905013896795,5419.8,47960.7,186970.86282413738,0.6081025636139846
265,DRV00150,46.137666812018026,231,333888,6.418738237176961,5846.9,52017.7,202786.74521279155,0.6073496058941668
266,DRV00090,46.136704889577786,217,315691,6.431673994271022,5527.1,49083.8,191349.17623569706,0.6061280690158954
267,DRV00128,46.046238494866394,231,340441,6.419539146175894,5896.4,53032.0,206740.91073086203,0.6072738322671536
268,DRV00059,46.020101715306694,249,374526,6.410646583080149,6560.3,58422.5,227755.33370745563,0.6081162154495432
269,DRV00035,46.018183199123875,220,295771,6.416093435115828,5215.7,46098.3,179710.44888264628,0.6075999637646905
270,DRV00090,45.99750943753132,239,343368,6.409659065454057,6010.5,53570.4,208839.81905673124,0.6082099061552947
271,DRV00025,45.96282539389962,219,305637,6.421606425871571,5354.1,47595.1,185545.60115263335,0.6070783352559845
272,DRV00110,45.9401909969965,246,372335,6.412106600077496,6470.9,58067.5,226371.39526822165,0.6079777492532844
273,DRV00071,45.872465444664286,216,306494,6.42384813851471,5291.8,47711.9,186000.936391232,0.6068664847965441
274,DRV00066,45.82679337406621,235,316874,6.402167500424286,5605.4,49494.8,192951.42609069753,0.6089216095062944
275,DRV00014,45.76343696853314,242,360378,6.410663270207096,6260.5,56215.4,219151.13503355903,0.608114632506865
276,DRV00004,45.74381544995692,214,324224,6.436617313655656,5631.0,50371.8,196370.33879832624,0.6056625629143008
277,DRV00082,45.614220651567614,234,326121,6.405607344466312,5718.0,50911.8,198475.48459321735,0.6085946154746776
278,DRV00118,45.5958910225815,220,323627,6.427151456414799,5680.5,50353.1,196297.43837913277,0.6065545778910065
279,DRV00142,45.58668666457218,231,299002,6.394150781193196,5202.2,46761.8,182297.04931766528,0.6096850499918571
280,DRV00054,45.58581420878212,223,307161,6.412198920309128,5360.5,47902.6,186744.36473027966,0.6079689958369704
281,DRV00006,45.57920805047224,225,310369,6.411483154748256,5444.2,48408.3,188715.79478301381,0.6080368683180789
282,DRV00044,45.523465892205,236,336548,6.4079359488199845,5921.0,52520.5,204746.8698529235,0.6083734559495926
283,DRV00095,45.51026468678746,215,292103,6.416320702910489,5092.4,45525.0,177475.48576373688,0.6075784424115359
284,DRV00012,45.46581934385296,219,302004,6.415979401154861,5303.0,47070.6,183500.88083889187,0.6076107629001334
285,DRV00055,45.4210095022748,228,326228,6.41320117480076,5697.5,50868.2,198305.51356237056,0.6078739824980399
286,DRV00084,45.36299376371054,215,302869,6.422444595709308,5326.8,47157.9,183841.21274239928,0.606999107674933
287,DRV00080,45.303693997902315,206,274193,6.420735148451092,4814.5,42704.3,166479.21771994178,0.6071607142412161
288,DRV00028,45.28215259313107,211,299626,6.42526135206133,5227.8,46632.5,181792.983852333,0.6067330066560747
289,DRV00018,45.2566980453079,224,309772,6.409849464590554,5423.1,48327.5,188400.8025974079,0.6081918397963918
290,DRV00056,45.23681064618712,247,322311,6.378417422795682,5623.5,50531.5,196992.91617507458,0.6111889329718023
291,DRV00107,45.14009764152533,206,293162,6.429245014057573,5129.3,45598.2,177760.84997148876,0.6063570652795681
292,DRV00148,45.0057895596836,223,309095,6.408770474808211,5401.2,48230.0,188020.7068288859,0.6082942358462152
293,DRV00045,45.00031948982944,206,294066,6.42855737511395,5143.7,45743.7,178328.06981066777,0.6064219250463085
294,DRV00147,44.8841046147422,237,323936,6.393053088612591,5661.3,50670.0,197532.84708728275,0.6097897334266112
295,DRV00036,44.88228579029968,223,328693,6.4215034100921535,5842.2,51186.3,199545.600372287,0.6070880741977681
296,DRV00084,44.841159033527155,217,294493,6.410187760930229,5175.1,45941.4,179098.78707668625,0.6081597425972306
297,DRV00133,44.805283678957174,235,354038,6.412988349176907,6217.5,55206.4,215217.63113162358,0.6078941558014213
298,DRV00028,44.76541117368802,201,299753,6.4363489572038075,5191.7,46571.9,181556.73971312857,0.6056878153450627
299,DRV00111,44.693664372360686,226,309603,6.40285478523966,5450.0,48353.9,188503.72083626923,0.6088562476341289
300,DRV00141,44.620720141982176,206,312170,6.433430675286616,5399.5,48523.1,189163.3331853351,0.6059625626592404
301,DRV00095,44.57056315536227,199,287562,6.432492405703217,5013.1,44704.6,174277.22352275785,0.6060509508306308
302,DRV00060,44.56493631152961,226,314916,6.404584872199535,5538.6,49170.4,191686.77924650736,0.6086917757322822
303,DRV00127,44.52810956432916,218,324165,6.42072362752613,5646.4,50487.3,196820.6060933446,0.6071618036905422
304,DRV00092,44.33964222639132,243,349890,6.392354532782079,6091.7,54735.7,213382.6457137435,0.6098563711844965
305,DRV00132,44.29621547642496,211,323659,6.428757287145823,5597.2,50345.5,196267.81040127875,0.6064030674298528
306,DRV00026,44.28169992576931,208,314056,6.430487360407547,5498.5,48838.6,190393.28410809094,0.6062399193395157
307,DRV00123,44.1893347657543,224,344166,6.417307932553808,5939.5,53630.9,209075.67335412183,0.6074849733969127
308,DRV00050,44.12460453635398,232,315120,6.390382790256248,5511.5,49311.6,192237.23588769,0.6100445414054646
309,DRV00055,44.004132544860866,240,326577,6.3827703878011315,5715.8,51165.4,199464.12343318842,0.6107721102012341
310,DRV00130,43.968977904048614,234,311209,6.3831589569826095,5425.3,48754.7,190066.20682625507,0.6107349299867776
311,DRV00070,43.71456207920943,217,332246,6.421242440816595,5822.2,51741.7,201710.78180651387,0.607112747200911
312,DRV00024,43.50312609808028,247,363049,6.3882212172933786,6383.4,56831.0,221551.00123973488,0.6102509612744695
313,DRV00053,43.501983681250856,221,313829,6.402870212062725,5497.3,49013.8,191076.28696598895,0.6088547806798892
314,DRV00041,43.48538133819939,217,307271,6.405736312257521,5384.1,47968.1,186999.7111183637,0.6085823625345824
315,DRV00056,43.46244785299944,214,307208,6.409112719838108,5340.8,47933.0,186862.87664169577,0.6082617530848669
316,DRV00025,43.41630181276119,207,309386,6.422727602993533,5421.9,48170.5,187788.75094963398,0.6069723612239531
317,DRV00125,43.41074994175558,210,284213,6.403818682432889,4976.2,44381.8,173018.81414758964,0.6087646031236771
318,DRV00062,43.40009184952541,244,340474,6.378449871484559,5940.5,53378.8,208092.88214135877,0.6111858237085909
319,DRV00133,43.37683813232835,210,322476,6.425872788139646,5691.1,50184.0,195638.21587188076,0.6066752746619307
320,DRV00143,43.26459674493075,233,337536,6.394967933840455,5932.2,52781.5,205764.35698712087,0.6096071440886924
321,DRV00017,43.17269651436295,196,279128,6.420942456551994,4849.9,43471.5,169470.08411594262,0.6071411113035691
322,DRV00126,43.1623322947042,202,263006,6.404377279833247,4640.2,41066.6,160094.77833421365,0.6087115059512469
323,DRV00029,43.13680768521631,211,313511,6.415636824258647,5477.1,48866.7,190502.82965778804,0.6076432075996951
324,DRV00145,43.12383350601524,228,312699,6.387047752883576,5454.7,48958.3,190859.9247592918,0.6103630800203769
325,DRV00139,43.05402527151633,239,348384,6.388651004828384,6096.3,54531.7,212587.36841345127,0.6102099074970472
326,DRV00146,43.048580448571045,232,338053,6.393026264032194,5873.0,52878.4,206142.1137047597,0.6097922920511272
327,DRV00071,43.0157322202644,226,347239,6.407888642222726,6045.5,54189.3,211252.5500427648,0.6083779473007491
328,DRV00077,42.974098228285705,215,303877,6.402600002106971,5311.6,47461.5,185024.77248930474,0.608880476275943
329,DRV00075,42.9687876101539,215,307875,6.404082804296637,5360.2,48074.8,187415.67233376164,0.60873949600897
330,DRV00017,42.87288621928653,219,323554,6.405234192501089,5631.0,50514.0,196924.69385764754,0.608630070583728
331,DRV00069,42.43195063514379,244,367859,6.3857425316328245,6423.0,57606.3,224573.4448226591,0.6104878358899989
332,DRV00091,42.40817598068294,175,261832,6.440117669050875,4555.3,40656.4,158495.64721372415,0.6053333710689456
333,DRV00013,42.298155980779136,214,303542,6.398777338603425,5312.2,47437.5,184931.21045397624,0.6092442247002927
334,DRV00026,42.267283008815085,229,340365,6.393247705594855,5925.4,53238.2,207544.76455105934,0.6097711708050456
335,DRV00122,41.9803688116107,190,275545,6.419802847550506,4808.4,42921.1,167324.39477240914,0.6072488877403297
336,DRV00104,41.903428948453936,204,317753,6.4204069014428855,5583.3,49491.1,192937.00194358436,0.6071917556831387
337,DRV00018,41.866083359992814,218,327019,6.402922069022231,5765.6,51073.4,199105.4689644292,0.6088498495941496
338,DRV00012,41.86515172869506,175,237104,6.4237025477637975,4174.0,36910.8,143893.7322334572,0.6068802391923258
339,DRV00009,41.60341745073215,225,322653,6.385855259251636,5652.3,50526.2,196972.25455893952,0.61047705912835
340,DRV00050,41.543469143714965,204,274453,6.393154309886977,4806.8,42929.2,167355.9719593325,0.6097800787724401
341,DRV00121,41.449509492443596,209,311331,6.404182360116593,5443.0,48613.7,189516.52986870016,0.6087300328868637
342,DRV00029,41.43935911597229,236,330568,6.373574675988231,5875.0,51865.4,202193.0161302695,0.6116533243697803
343,DRV00060,41.25223608642678,206,287183,6.392370547946729,4960.6,44925.9,175139.94345684935,0.6098548432771067
344,DRV00122,41.23180205593568,203,300954,6.406493473318517,5259.4,46976.4,183133.64985022755,0.6085104363132823
345,DRV00132,41.19985129360492,241,352404,6.372954673688169,6174.3,55296.8,215570.04813136093,0.6117128299660644
346,DRV00104,41.15180598525282,216,316328,6.394262450829381,5568.7,49470.6,192857.08437174128,0.6096744024295708
347,DRV00041,41.113453611472025,195,259588,6.395431342018646,4520.5,40589.6,158235.23288205985,0.6095629724103574
348,DRV00085,41.0455807559336,237,340992,6.370502945259095,5927.8,53526.7,208669.4581840706,0.6119482515251695
349,DRV00010,40.865985551299715,236,350692,6.3781084212230175,6165.9,54983.7,214349.45341213793,0.6112185433717847
350,DRV00114,40.83626864741435,235,321984,6.3622136861573475,5614.8,50608.8,197294.2638971951,0.6127455522547552
351,DRV00002,40.573730590994515,220,326958,6.3862476854202965,5669.2,51197.2,199588.09312999866,0.6104395461496542
352,DRV00070,40.276402771130016,226,304843,6.365323900841909,5393.1,47891.2,186699.92276349862,0.6124461534740788
353,DRV00058,40.030037143317486,208,317576,6.396848065391364,5523.1,49645.7,193539.6973878254,0.6094279712189379
354,DRV00094,39.89652885273603,222,315677,6.375175193773401,5596.0,49516.6,193036.41160612088,0.6114997659193444
355,DRV00113,39.84900775787229,205,290424,6.386299616721751,5078.0,45476.1,177284.85311675505,0.6104345822547553
356,DRV00074,39.669516139171954,222,310101,6.368060817762335,5427.3,48696.3,189838.53920695576,0.6121829313899528
357,DRV00034,39.63361193388328,208,284003,6.377303327390228,5004.7,44533.4,173609.8143374146,0.6112957058109055
358,DRV00054,39.58862717089102,222,337362,6.381213588560188,5865.9,52868.0,206101.57015611732,0.6109211178381599
359,DRV00150,39.51822603946258,230,300627,6.348315081279009,5254.4,47355.4,184611.15032479,0.6140870591290537
360,DRV00114,39.06743749238599,225,329839,6.368138360311381,5738.4,51795.2,201919.34717693363,0.6121754770567872
361,DRV00009,38.807725127397205,204,294735,6.381949045744501,5155.9,46182.6,180039.0855317376,0.6108507151567937
362,DRV00006,38.52616357665713,227,316060,6.353897154758387,5528.9,49742.7,193917.84394727807,0.613547566750864
363,DRV00013,38.388394201168154,222,332288,6.368732858136767,5775.9,52174.9,203399.5765441932,0.6121183327240021
364,DRV00092,38.21380158866351,229,336352,6.35966745007875,5894.7,52888.3,206180.70804433268,0.6129908787351723
365,DRV00019,36.976249769042866,249,357659,6.329149988143649,6268.1,56509.8,220298.82933358854,0.6159465561710695
366,DRV00130,36.61862771533883,232,329711,6.337524891783213,5753.0,52025.2,202815.9833488317,0.6151325959668671
367,DRV00005,36.55692039234698,195,276633,6.368573480795264,4844.1,43437.2,169336.36837378563,0.6121336513495701
368,DRV00126,35.62099605253917,221,321071,6.343158115174971,5620.5,50616.9,197325.84108411847,0.6145863098321507
369,DRV00033,35.49863801447526,228,319426,6.3281243809086085,5534.8,50477.2,196781.23207014386,0.6160463834194582
370,DRV00113,34.851596593402164,223,330156,6.338901891364159,5784.1,52084.1,203045.6001772004,0.6149989707205091
371,DRV00001,34.62997824781519,206,299421,6.348493875638463,5271.0,47164.1,183865.38293485914,0.6140697644282103
372,DRV00030,32.99172644435519,224,332698,6.322532829098649,5788.7,52621.0,205138.66087586156,0.6165912054652014
